crop,group
2025-22.jpg,
2025-32.jpg,
3383f8b5-5.jpg,
9ce66116-10.jpg,
9ce66116-3.jpg,
IMG_20260107_080606-15.jpg,
IMG_20260107_080606-6.jpg,
IMG_20260107_080606-8.jpg,
IMG_20260511_094937-6.jpg,
PXL_20260807_125245212 (Edited) (Edited 2).jpg,
PXL_20260807_125245212 (Edited) (Edited 3).jpg,
PXL_20260807_125245212 (Edited) (Edited 4).jpg,
PXL_20260807_125245212 (Edited) (Edited 5).jpg,
PXL_20260807_125245212 (Edited) (Edited 6).jpg,
PXL_20260807_125245212 (Edited) (Edited 7).jpg,
PXL_20260807_125245212 (Edited) (Edited 8).jpg,
PXL_20260807_125245212 (Edited) (Edited).jpg,
PXL_20260807_125326482 (Edited).jpg,
PXL_20260807_125326482.jpg,
PXL_20260807_132250077 (Edited 2).jpg,
PXL_20260807_132250077 (Edited 3).jpg,
PXL_20260807_132250077 (Edited 4).jpg,
PXL_20260807_132250077 (Edited 5).jpg,
PXL_20260807_132250077 (Edited 6).jpg,
PXL_20260807_132250077 (Edited).jpg,
PXL_20260807_132304284 (20) (Edited 2).jpg,
PXL_20260807_132304284 (20) (Edited 3).jpg,
PXL_20260807_132304284 (20) (Edited 4).jpg,
PXL_20260807_132304284 (20) (Edited 5).jpg,
PXL_20260807_132304284 (20) (Edited).jpg,
PXL_20260807_132304284.jpg,
PXL_20260807_1323fffff15005.MP (Edited 2).jpg,
PXL_20260807_1323fffff15005.MP (Edited 3).jpg,
PXL_20260807_1323fffff15005.MP (Edited 4).jpg,
PXL_20260807_1323fffff15005.MP (Edited 5).jpg,
PXL_20260807_1323fffff15005.MP (Edited).jpg,
PXL_20260807_132859906.MP (Edited 2).jpg,
PXL_20260807_132859906.MP (Edited).jpg,
PXL_20260807_132859906.MP.jpg,
aa26b081-10.jpg,
aa26b081-14.jpg,
aa26b081-9.jpg,
photo_2026-08-08_14-05-38-10.jpg,
photo_2026-08-08_14-05-38-8.jpg,
sunstar_240ml_orange.jpg,
sunstar_240ml_orange1.jpg,
sunstar_240ml_peach.jpg,
sunstar_240ml_peach1.jpg,
t3 (Edited 2).jpg,
t3 (Edited 3).jpg,
t3 (Edited).jpg,
