kb_file,source_photo,recorded_at
non_beverage/2025-10.jpg,2025,2026-08-16T15:45:59
non_beverage/2025-11.jpg,2025,2026-08-16T15:45:59
non_beverage/2025-13.jpg,2025,2026-08-16T15:45:59
non_beverage/2025-19.jpg,2025,2026-08-16T15:45:59
non_beverage/2025-34.jpg,2025,2026-08-16T15:45:59
non_beverage/2025-35.jpg,2025,2026-08-16T15:45:59
non_beverage/2025-36.jpg,2025,2026-08-16T15:45:59
non_beverage/2025-37.jpg,2025,2026-08-16T15:45:59
non_beverage/2025-38.jpg,2025,2026-08-16T15:45:59
non_beverage/2025-39.jpg,2025,2026-08-16T15:45:59
non_beverage/2025-43.jpg,2025,2026-08-16T15:45:59
non_beverage/2025-8.jpg,2025,2026-08-16T15:45:59
non_beverage/3383f8b5-0.jpg,3383f8b5,2026-08-16T15:45:59
non_beverage/3383f8b5-19.jpg,3383f8b5,2026-08-16T15:45:59
non_beverage/3383f8b5-21.jpg,3383f8b5,2026-08-16T15:45:59
non_beverage/3383f8b5-22.jpg,3383f8b5,2026-08-16T15:45:59
non_beverage/3383f8b5-3.jpg,3383f8b5,2026-08-16T15:45:59
non_beverage/3383f8b5-4.jpg,3383f8b5,2026-08-16T15:45:59
non_beverage/9ce66116-0.jpg,9ce66116,2026-08-16T15:45:59
non_beverage/9ce66116-1.jpg,9ce66116,2026-08-16T15:45:59
non_beverage/9ce66116-13.jpg,9ce66116,2026-08-16T15:45:59
non_beverage/9ce66116-2.jpg,9ce66116,2026-08-16T15:45:59
non_beverage/9ce66116-5.jpg,9ce66116,2026-08-16T15:45:59
non_beverage/9ce66116-7.jpg,9ce66116,2026-08-16T15:45:59
non_beverage/IMG_20260503_104323-10.jpg,IMG_20260503_104323,2026-08-16T15:45:59
non_beverage/IMG_20260503_104323-11.jpg,IMG_20260503_104323,2026-08-16T15:45:59
non_beverage/IMG_20260503_104323-15.jpg,IMG_20260503_104323,2026-08-16T15:45:59
non_beverage/IMG_20260503_104323-16.jpg,IMG_20260503_104323,2026-08-16T15:45:59
non_beverage/IMG_20260503_104323-17.jpg,IMG_20260503_104323,2026-08-16T15:45:59
non_beverage/IMG_20260503_104323-19.jpg,IMG_20260503_104323,2026-08-16T15:45:59
non_beverage/IMG_20260503_104323-2.jpg,IMG_20260503_104323,2026-08-16T15:45:59
non_beverage/IMG_20260503_104323-20.jpg,IMG_20260503_104323,2026-08-16T15:45:59
non_beverage/IMG_20260503_104323-21.jpg,IMG_20260503_104323,2026-08-16T15:45:59
non_beverage/IMG_20260503_104323-26.jpg,IMG_20260503_104323,2026-08-16T15:45:59
non_beverage/IMG_20260503_104323-29.jpg,IMG_20260503_104323,2026-08-16T15:45:59
non_beverage/IMG_20260503_104323-3.jpg,IMG_20260503_104323,2026-08-16T15:45:59
non_beverage/IMG_20260503_104323-30.jpg,IMG_20260503_104323,2026-08-16T15:45:59
non_beverage/IMG_20260503_104323-7.jpg,IMG_20260503_104323,2026-08-16T15:45:59
non_beverage/IMG_20260503_104323.jpg,non_beverage::IMG_20260503_104323,2026-08-16T15:45:59
non_beverage/IMG_20260510_13313124.jpg,non_beverage::IMG_20260510_13313124,2026-08-16T15:45:59
non_beverage/IMG_20260510_13313125.jpg,non_beverage::IMG_20260510_13313125,2026-08-16T15:45:59
non_beverage/IMG_20260510_13313128.jpg,non_beverage::IMG_20260510_13313128,2026-08-16T15:45:59
non_beverage/IMG_20260510_13313129.jpg,non_beverage::IMG_20260510_13313129,2026-08-16T15:45:59
non_beverage/IMG_20260510_13313130.jpg,non_beverage::IMG_20260510_13313130,2026-08-16T15:45:59
non_beverage/IMG_20260510_13313132.jpg,non_beverage::IMG_20260510_13313132,2026-08-16T15:45:59
non_beverage/IMG_20260510_13313133.jpg,non_beverage::IMG_20260510_13313133,2026-08-16T15:45:59
non_beverage/IMG_20260510_13313134.jpg,non_beverage::IMG_20260510_13313134,2026-08-16T15:45:59
non_beverage/IMG_20260510_13313135.jpg,non_beverage::IMG_20260510_13313135,2026-08-16T15:45:59
non_beverage/IMG_20260510_13313137.jpg,non_beverage::IMG_20260510_13313137,2026-08-16T15:45:59
non_beverage/IMG_20260510_13313142.jpg,non_beverage::IMG_20260510_13313142,2026-08-16T15:45:59
non_beverage/IMG_20260510_13313143.jpg,non_beverage::IMG_20260510_13313143,2026-08-16T15:45:59
non_beverage/IMG_20260510_13313147.jpg,non_beverage::IMG_20260510_13313147,2026-08-16T15:45:59
non_beverage/IMG_20260510_13313149.jpg,non_beverage::IMG_20260510_13313149,2026-08-16T15:45:59
non_beverage/IMG_20260510_13313156.jpg,non_beverage::IMG_20260510_13313156,2026-08-16T15:45:59
non_beverage/IMG_20260510_13313158.jpg,non_beverage::IMG_20260510_13313158,2026-08-16T15:45:59
non_beverage/IMG_20260510_13313159.jpg,non_beverage::IMG_20260510_13313159,2026-08-16T15:45:59
non_beverage/aa26b081-13.jpg,aa26b081,2026-08-16T15:45:59
non_beverage/aa26b081-7.jpg,aa26b081,2026-08-16T15:45:59
sunich_1L_apple/280x280 (1).jpg,sunich_1L_apple::280x280 (1),2026-08-16T15:45:59
sunich_1L_apple/280x280.jpg,sunich_1L_apple::280x280,2026-08-16T15:45:59
sunich_1L_apple/560x560 (1).jpg,sunich_1L_apple::560x560 (1),2026-08-16T15:45:59
sunich_1L_apple/560x560.jpg,sunich_1L_apple::560x560,2026-08-16T15:45:59
sunich_1L_apple/apple_back.jpg,sunich_1L_apple::apple,2026-08-16T15:45:59
sunich_1L_apple/apple_backleft.jpg,sunich_1L_apple::apple,2026-08-16T15:45:59
sunich_1L_apple/apple_backright.jpg,sunich_1L_apple::apple,2026-08-16T15:45:59
sunich_1L_apple/apple_backup.jpg,sunich_1L_apple::apple,2026-08-16T15:45:59
sunich_1L_apple/apple_front.jpg,sunich_1L_apple::apple,2026-08-16T15:45:59
sunich_1L_apple/apple_frontdark.jpg,sunich_1L_apple::apple,2026-08-16T15:45:59
sunich_1L_apple/apple_frontdown.jpg,sunich_1L_apple::apple,2026-08-16T15:45:59
sunich_1L_apple/apple_frontleft.jpg,sunich_1L_apple::apple,2026-08-16T15:45:59
sunich_1L_apple/apple_frontlight.jpg,sunich_1L_apple::apple,2026-08-16T15:45:59
sunich_1L_apple/apple_frontright.jpg,sunich_1L_apple::apple,2026-08-16T15:45:59
sunich_1L_apple/apple_frontup.jpg,sunich_1L_apple::apple,2026-08-16T15:45:59
sunich_1L_apple/iuojrtak_thumb3.jpg,sunich_1L_apple::iuojrtak_thumb3,2026-08-16T15:45:59
sunich_1L_apple/rgddzd0c_thumb3.jpg,sunich_1L_apple::rgddzd0c_thumb3,2026-08-16T15:45:59
sunich_1L_cherry/0x244.jpg,sunich_1L_cherry::0x244,2026-08-16T15:45:59
sunich_1L_cherry/280x280.jpg,sunich_1L_cherry::280x280,2026-08-16T15:45:59
sunich_1L_cherry/789843_2000.jpg,sunich_1L_cherry::789843_2000,2026-08-16T15:45:59
sunich_1L_cherry/812af8160e4b81f5c23ea23d783e982d9079f188_1623822242-3.jpg,812af8160e4b81f5c23ea23d783e982d9079f188_1623822242,2026-08-16T15:45:59
sunich_1L_cherry/Jk8nDHJ01yVwB0m-.jpg,sunich_1L_cherry::Jk8nDHJ01yVwB0m-,2026-08-16T15:45:59
sunich_1L_cherry/cherry_back.jpg,sunich_1L_cherry::cherry,2026-08-16T15:45:59
sunich_1L_cherry/cherry_backright.jpg,sunich_1L_cherry::cherry,2026-08-16T15:45:59
sunich_1L_cherry/cherry_darkleft.jpg,sunich_1L_cherry::cherry_darkleft,2026-08-16T15:45:59
sunich_1L_cherry/cherry_front.jpg,sunich_1L_cherry::cherry,2026-08-16T15:45:59
sunich_1L_cherry/cherry_frontdark.jpg,sunich_1L_cherry::cherry,2026-08-16T15:45:59
sunich_1L_cherry/cherry_frontdown.jpg,sunich_1L_cherry::cherry,2026-08-16T15:45:59
sunich_1L_cherry/cherry_frontleft.jpg,sunich_1L_cherry::cherry,2026-08-16T15:45:59
sunich_1L_cherry/cherry_frontlight.jpg,sunich_1L_cherry::cherry,2026-08-16T15:45:59
sunich_1L_cherry/cherry_frontright.jpg,sunich_1L_cherry::cherry,2026-08-16T15:45:59
sunich_1L_cherry/cherry_frontup.jpg,sunich_1L_cherry::cherry,2026-08-16T15:45:59
sunich_1L_cherry/z0gIC92lUxWeo5V3.jpg,sunich_1L_cherry::z0gIC92lUxWeo5V3,2026-08-16T15:45:59
sunich_1L_cherry/آب-آلبالو-سن-ایچ-یک-لیتری.jpg,sunich_1L_cherry::آب-آلبالو-سن-ایچ-یک-لیتری,2026-08-16T15:45:59
sunich_1L_mango/2025.jpg,2025,2026-08-16T15:45:59
sunich_1L_mango/202519.jpg,sunich_1L_mango::202519,2026-08-16T15:45:59
sunich_1L_mango/20256.jpg,sunich_1L_mango::20256,2026-08-16T15:45:59
sunich_1L_mango/377292.php_2000.jpg,sunich_1L_mango::377292.php_2000,2026-08-16T15:45:59
sunich_1L_mango/3a0c338a-ba9f-4355-9c7e-c1d7981cbfb8.jpg,sunich_1L_mango::3a0c338a-ba9f-4355-9c7e-c1d7981cbfb8,2026-08-16T15:45:59
sunich_1L_mango/4156491.jpg,sunich_1L_mango::4156491,2026-08-16T15:45:59
sunich_1L_mango/724839723236877.jpg,sunich_1L_mango::724839723236877,2026-08-16T15:45:59
sunich_1L_mango/IMG_20260511_1242443.jpg,sunich_1L_mango::IMG_20260511_1242443,2026-08-16T15:45:59
sunich_1L_mango/IMG_20260511_1242444.jpg,sunich_1L_mango::IMG_20260511_1242444,2026-08-16T15:45:59
sunich_1L_mango/ZyCLXB06ygQJngel.jpg,sunich_1L_mango::ZyCLXB06ygQJngel,2026-08-16T15:45:59
sunich_1L_mango/mango_back.jpg,sunich_1L_mango::mango,2026-08-16T15:45:59
sunich_1L_mango/mango_backbright.jpg,sunich_1L_mango::mango,2026-08-16T15:45:59
sunich_1L_mango/mango_backdark.jpg,sunich_1L_mango::mango,2026-08-16T15:45:59
sunich_1L_mango/mango_backleft.jpg,sunich_1L_mango::mango,2026-08-16T15:45:59
sunich_1L_mango/mango_backright.jpg,sunich_1L_mango::mango,2026-08-16T15:45:59
sunich_1L_mango/mango_backup.jpg,sunich_1L_mango::mango,2026-08-16T15:45:59
sunich_1L_mango/mango_front.jpg,sunich_1L_mango::mango,2026-08-16T15:45:59
sunich_1L_mango/mango_frontdaown.jpg,sunich_1L_mango::mango,2026-08-16T15:45:59
sunich_1L_mango/mango_frontleft.jpg,sunich_1L_mango::mango,2026-08-16T15:45:59
sunich_1L_mango/mango_frontright.jpg,sunich_1L_mango::mango,2026-08-16T15:45:59
sunich_1L_mango/mango_frontup.jpg,sunich_1L_mango::mango,2026-08-16T15:45:59
sunich_1L_mango/vhm1zkdt_thumb3.jpg,sunich_1L_mango::vhm1zkdt_thumb3,2026-08-16T15:45:59
sunich_1L_mix/0x244 (1).jpg,sunich_1L_mix::0x244 (1),2026-08-16T15:45:59
sunich_1L_mix/0x244.jpg,sunich_1L_mix::0x244,2026-08-16T15:45:59
sunich_1L_mix/2025-12.jpg,2025,2026-08-16T15:45:59
sunich_1L_mix/202513.jpg,sunich_1L_mix::202513,2026-08-16T15:45:59
sunich_1L_mix/560x560.jpg,sunich_1L_mix::560x560,2026-08-16T15:45:59
sunich_1L_mix/IMG_20260511_124244.jpg,IMG_20260511_124244,2026-08-16T15:45:59
sunich_1L_mix/IMG_20260511_1242445.jpg,sunich_1L_mix::IMG_20260511_1242445,2026-08-16T15:45:59
sunich_1L_mix/PXL_20260807_131329711.MP.jpg,sunich_1L_mix::PXL_20260807_131329711.MP,2026-08-16T15:45:59
sunich_1L_mix/PXL_20260807_131335747.jpg,sunich_1L_mix::PXL_20260807_131335747,2026-08-16T15:45:59
sunich_1L_mix/PXL_20260807_131343729.jpg,sunich_1L_mix::PXL_20260807_131343729,2026-08-16T15:45:59
sunich_1L_mix/PXL_20260807_131347943.MP.jpg,sunich_1L_mix::PXL_20260807_131347943.MP,2026-08-16T15:45:59
sunich_1L_mix/mix1_backup.jpg,sunich_1L_mix::mix1,2026-08-16T15:45:59
sunich_1L_mix/mix_back.jpg,sunich_1L_mix::mix,2026-08-16T15:45:59
sunich_1L_mix/mix_backleft.jpg,sunich_1L_mix::mix,2026-08-16T15:45:59
sunich_1L_mix/mix_backright.jpg,sunich_1L_mix::mix,2026-08-16T15:45:59
sunich_1L_mix/mix_backup.jpg,sunich_1L_mix::mix,2026-08-16T15:45:59
sunich_1L_mix/mix_frontbright.jpg,sunich_1L_mix::mix,2026-08-16T15:45:59
sunich_1L_mix/mix_frontdark.jpg,sunich_1L_mix::mix,2026-08-16T15:45:59
sunich_1L_mix/mix_frontdown.jpg,sunich_1L_mix::mix,2026-08-16T15:45:59
sunich_1L_mix/nd7365_2_.jpg,sunich_1L_mix::nd7365_2_,2026-08-16T15:45:59
sunich_1L_mix/np3yjvw1_thumb3.jpg,sunich_1L_mix::np3yjvw1_thumb3,2026-08-16T15:45:59
sunich_1L_orange/347374458039879.jpg,sunich_1L_orange::347374458039879,2026-08-16T15:45:59
sunich_1L_orange/6260100601604.jpg,sunich_1L_orange::6260100601604,2026-08-16T15:45:59
sunich_1L_orange/IMG_20260510_1331232.jpg,sunich_1L_orange::IMG_20260510_1331232,2026-08-16T15:45:59
sunich_1L_orange/Orange-Juice-with-pulp-no-added-sugar1753109537.jpg,sunich_1L_orange::Orange-Juice-with-pulp-no-added-sugar1753109537,2026-08-16T15:45:59
sunich_1L_orange/dg35hfjo_thumb3.jpg,sunich_1L_orange::dg35hfjo_thumb3,2026-08-16T15:45:59
sunich_1L_orange/jKWMn9OlXAPDwIDG.jpg,sunich_1L_orange::jKWMn9OlXAPDwIDG,2026-08-16T15:45:59
sunich_1L_orange/orange1_back.jpg,sunich_1L_orange::orange1,2026-08-16T15:45:59
sunich_1L_orange/orange1_backleft.jpg,sunich_1L_orange::orange1,2026-08-16T15:45:59
sunich_1L_orange/orange1_backright.jpg,sunich_1L_orange::orange1,2026-08-16T15:45:59
sunich_1L_orange/orange1_backup.jpg,sunich_1L_orange::orange1,2026-08-16T15:45:59
sunich_1L_orange/orange1_front.jpg,sunich_1L_orange::orange1,2026-08-16T15:45:59
sunich_1L_orange/orange1_frontdown.jpg,sunich_1L_orange::orange1,2026-08-16T15:45:59
sunich_1L_orange/orange1_frontup.jpg,sunich_1L_orange::orange1,2026-08-16T15:45:59
sunich_1L_orange/orange__frontright.jpg,sunich_1L_orange::orange_,2026-08-16T15:45:59
sunich_1L_orange/orange_back.jpg,sunich_1L_orange::orange,2026-08-16T15:45:59
sunich_1L_orange/orange_backdown.jpg,sunich_1L_orange::orange,2026-08-16T15:45:59
sunich_1L_orange/orange_backleft.jpg,sunich_1L_orange::orange,2026-08-16T15:45:59
sunich_1L_orange/orange_backright.jpg,sunich_1L_orange::orange,2026-08-16T15:45:59
sunich_1L_orange/orange_backright1.jpg,sunich_1L_orange::orange,2026-08-16T15:45:59
sunich_1L_orange/orange_backup.jpg,sunich_1L_orange::orange,2026-08-16T15:45:59
sunich_1L_orange/orange_front.jpg,sunich_1L_orange::orange,2026-08-16T15:45:59
sunich_1L_orange/orange_front1.jpg,sunich_1L_orange::orange,2026-08-16T15:45:59
sunich_1L_orange/orange_frontleft.jpg,sunich_1L_orange::orange,2026-08-16T15:45:59
sunich_1L_orange/orange_frontright.jpg,sunich_1L_orange::orange,2026-08-16T15:45:59
sunich_1L_orange/orange_frontsdown.jpg,sunich_1L_orange::orange,2026-08-16T15:45:59
sunich_1L_orange/orange_frontup.jpg,sunich_1L_orange::orange,2026-08-16T15:45:59
sunich_1L_orange/سن-ایچ-پرتقال.jpg,sunich_1L_orange::سن-ایچ-پرتقال,2026-08-16T15:45:59
sunich_1L_peach/03a0828693c0ac006befd629c3f62b56af2e5c50_1641899144.jpg,sunich_1L_peach::03a0828693c0ac006befd629c3f62b56af2e5c50_1641899144,2026-08-16T15:45:59
sunich_1L_peach/280x280.jpg,sunich_1L_peach::280x280,2026-08-16T15:45:59
sunich_1L_peach/302700775527951.jpg,sunich_1L_peach::302700775527951,2026-08-16T15:45:59
sunich_1L_peach/560x560.jpg,sunich_1L_peach::560x560,2026-08-16T15:45:59
sunich_1L_peach/b9880ba21fb82d96230160649ce0cee687a8b400_1641899166.jpg,sunich_1L_peach::b9880ba21fb82d96230160649ce0cee687a8b400_1641899166,2026-08-16T15:45:59
sunich_1L_peach/cpk5ohmr_thumb3.jpg,sunich_1L_peach::cpk5ohmr_thumb3,2026-08-16T15:45:59
sunich_1L_peach/lkdnl.jpg,sunich_1L_peach::lkdnl,2026-08-16T15:45:59
sunich_1L_peach/peach_back.jpg,sunich_1L_peach::peach,2026-08-16T15:45:59
sunich_1L_peach/peach_backbright.jpg,sunich_1L_peach::peach,2026-08-16T15:45:59
sunich_1L_peach/peach_backdark.jpg,sunich_1L_peach::peach,2026-08-16T15:45:59
sunich_1L_peach/peach_backleft.jpg,sunich_1L_peach::peach,2026-08-16T15:45:59
sunich_1L_peach/peach_backright.jpg,sunich_1L_peach::peach,2026-08-16T15:45:59
sunich_1L_peach/peach_backup.jpg,sunich_1L_peach::peach,2026-08-16T15:45:59
sunich_1L_peach/peach_front.jpg,sunich_1L_peach::peach,2026-08-16T15:45:59
sunich_1L_peach/peach_front1.jpg,sunich_1L_peach::peach,2026-08-16T15:45:59
sunich_1L_peach/peach_frontleft.jpg,sunich_1L_peach::peach,2026-08-16T15:45:59
sunich_1L_peach/peach_frontright.jpg,sunich_1L_peach::peach,2026-08-16T15:45:59
sunich_1L_peach/peach_frontup.jpg,sunich_1L_peach::peach,2026-08-16T15:45:59
sunich_1L_pinacolada/205370566535325.jpg,sunich_1L_pinacolada::205370566535325,2026-08-16T15:45:59
sunich_1L_pinacolada/73e82f2a94acc6e5b30bdc27904a9fd7b3d9f1a7_1641897608.jpg,sunich_1L_pinacolada::73e82f2a94acc6e5b30bdc27904a9fd7b3d9f1a7_1641897608,2026-08-16T15:45:59
sunich_1L_pinacolada/769193ae572d7744b5ab0b7f61130ffd7c1ddb15_1641897601 (1).jpg,sunich_1L_pinacolada::769193ae572d7744b5ab0b7f61130ffd7c1ddb15_1641897601 (1),2026-08-16T15:45:59
sunich_1L_pinacolada/769193ae572d7744b5ab0b7f61130ffd7c1ddb15_1641897601.jpg,sunich_1L_pinacolada::769193ae572d7744b5ab0b7f61130ffd7c1ddb15_1641897601,2026-08-16T15:45:59
sunich_1L_pinacolada/IMG_20260511_1242442.jpg,sunich_1L_pinacolada::IMG_20260511_1242442,2026-08-16T15:45:59
sunich_1L_pinacolada/IMG_20260512_101941-21.jpg,IMG_20260512_101941,2026-08-16T15:45:59
sunich_1L_pinacolada/IMG_20260512_101941-30.jpg,IMG_20260512_101941,2026-08-16T15:45:59
sunich_1L_pinacolada/aedfc122eb0344d9e43ce1201086e8002d3c6507_1641897605.jpg,sunich_1L_pinacolada::aedfc122eb0344d9e43ce1201086e8002d3c6507_1641897605,2026-08-16T15:45:59
sunich_1L_pinacolada/pinacolada_back.jpg,sunich_1L_pinacolada::pinacolada,2026-08-16T15:45:59
sunich_1L_pinacolada/pinacolada_backdown.jpg,sunich_1L_pinacolada::pinacolada,2026-08-16T15:45:59
sunich_1L_pinacolada/pinacolada_backleft.jpg,sunich_1L_pinacolada::pinacolada,2026-08-16T15:45:59
sunich_1L_pinacolada/pinacolada_backright.jpg,sunich_1L_pinacolada::pinacolada,2026-08-16T15:45:59
sunich_1L_pinacolada/pinacolada_backup.jpg,sunich_1L_pinacolada::pinacolada,2026-08-16T15:45:59
sunich_1L_pinacolada/pinacolada_front.jpg,sunich_1L_pinacolada::pinacolada,2026-08-16T15:45:59
sunich_1L_pinacolada/pinacolada_frontdown.jpg,sunich_1L_pinacolada::pinacolada,2026-08-16T15:45:59
sunich_1L_pinacolada/pinacolada_frontleft.jpg,sunich_1L_pinacolada::pinacolada,2026-08-16T15:45:59
sunich_1L_pinacolada/pinacolada_frontright.jpg,sunich_1L_pinacolada::pinacolada,2026-08-16T15:45:59
sunich_1L_pinacolada/pinacolada_frontup.jpg,sunich_1L_pinacolada::pinacolada,2026-08-16T15:45:59
sunich_1L_pineapple/0x244.jpg,sunich_1L_pineapple::0x244,2026-08-16T15:45:59
sunich_1L_pineapple/pine_back.jpg,sunich_1L_pineapple::pine,2026-08-16T15:45:59
sunich_1L_pineapple/pine_backleft.jpg,sunich_1L_pineapple::pine,2026-08-16T15:45:59
sunich_1L_pineapple/pine_backright.jpg,sunich_1L_pineapple::pine,2026-08-16T15:45:59
sunich_1L_pineapple/pine_backup.jpg,sunich_1L_pineapple::pine,2026-08-16T15:45:59
sunich_1L_pineapple/pine_front.jpg,sunich_1L_pineapple::pine,2026-08-16T15:45:59
sunich_1L_pineapple/pine_front1.jpg,sunich_1L_pineapple::pine,2026-08-16T15:45:59
sunich_1L_pineapple/pine_frontbright.jpg,sunich_1L_pineapple::pine,2026-08-16T15:45:59
sunich_1L_pineapple/pine_frontdark.jpg,sunich_1L_pineapple::pine,2026-08-16T15:45:59
sunich_1L_pineapple/pine_frontdown.jpg,sunich_1L_pineapple::pine,2026-08-16T15:45:59
sunich_1L_pineapple/pine_frontleft.jpg,sunich_1L_pineapple::pine,2026-08-16T15:45:59
sunich_1L_pineapple/pine_frontright.jpg,sunich_1L_pineapple::pine,2026-08-16T15:45:59
sunich_1L_pineapple/pine_frontup.jpg,sunich_1L_pineapple::pine,2026-08-16T15:45:59
sunich_1L_pineapple/pine_frontupleft.jpg,sunich_1L_pineapple::pine,2026-08-16T15:45:59
sunich_1L_pineapple/pine_frontupright.jpg,sunich_1L_pineapple::pine,2026-08-16T15:45:59
sunich_1L_pomegranate/105367_2000.jpg,sunich_1L_pomegranate::105367_2000,2026-08-16T15:45:59
sunich_1L_pomegranate/147469_2000.jpg,sunich_1L_pomegranate::147469_2000,2026-08-16T15:45:59
sunich_1L_pomegranate/560x560.jpg,sunich_1L_pomegranate::560x560,2026-08-16T15:45:59
sunich_1L_pomegranate/images (2).jpg,sunich_1L_pomegranate::images (2),2026-08-16T15:45:59
sunich_1L_pomegranate/pomegranate_back.jpg,sunich_1L_pomegranate::pomegranate,2026-08-16T15:45:59
sunich_1L_pomegranate/pomegranate_backbright.jpg,sunich_1L_pomegranate::pomegranate,2026-08-16T15:45:59
sunich_1L_pomegranate/pomegranate_backdark.jpg,sunich_1L_pomegranate::pomegranate,2026-08-16T15:45:59
sunich_1L_pomegranate/pomegranate_backdown.jpg,sunich_1L_pomegranate::pomegranate,2026-08-16T15:45:59
sunich_1L_pomegranate/pomegranate_backdwonleft.jpg,sunich_1L_pomegranate::pomegranate,2026-08-16T15:45:59
sunich_1L_pomegranate/pomegranate_backleft.jpg,sunich_1L_pomegranate::pomegranate,2026-08-16T15:45:59
sunich_1L_pomegranate/pomegranate_backright.jpg,sunich_1L_pomegranate::pomegranate,2026-08-16T15:45:59
sunich_1L_pomegranate/pomegranate_backup.jpg,sunich_1L_pomegranate::pomegranate,2026-08-16T15:45:59
sunich_1L_pomegranate/pomegranate_front.jpg,sunich_1L_pomegranate::pomegranate,2026-08-16T15:45:59
sunich_1L_pomegranate/pomegranate_frontdown.jpg,sunich_1L_pomegranate::pomegranate,2026-08-16T15:45:59
sunich_1L_pomegranate/pomegranate_frontleft.jpg,sunich_1L_pomegranate::pomegranate,2026-08-16T15:45:59
sunich_1L_pomegranate/pomegranate_frontright.jpg,sunich_1L_pomegranate::pomegranate,2026-08-16T15:45:59
sunich_1L_pomegranate/pomegranate_frontup.jpg,sunich_1L_pomegranate::pomegranate,2026-08-16T15:45:59
sunich_1L_pomegranate/us15blkbglrtk_thumb3.jpg,sunich_1L_pomegranate::us15blkbglrtk_thumb3,2026-08-16T15:45:59
sunich_1L_pomegranate/us15brtk_thumb3.jpg,sunich_1L_pomegranate::us15brtk_thumb3,2026-08-16T15:45:59
sunich_1L_pomegranate/آب-انار-سن-ایچ-تاباریستا.jpg,sunich_1L_pomegranate::آب-انار-سن-ایچ-تاباریستا,2026-08-16T15:45:59
sunich_750ml_apple/140544017219654.jpg,sunich_750ml_apple::140544017219654,2026-08-16T15:45:59
sunich_750ml_apple/IMG_20260511_094937-9.jpg,IMG_20260511_094937,2026-08-16T15:45:59
sunich_750ml_apple/apple_back.jpg,sunich_750ml_apple::apple,2026-08-16T15:45:59
sunich_750ml_apple/apple_backbright.jpg,sunich_750ml_apple::apple,2026-08-16T15:45:59
sunich_750ml_apple/apple_backdark.jpg,sunich_750ml_apple::apple,2026-08-16T15:45:59
sunich_750ml_apple/apple_backleft.jpg,sunich_750ml_apple::apple,2026-08-16T15:45:59
sunich_750ml_apple/apple_backright.jpg,sunich_750ml_apple::apple,2026-08-16T15:45:59
sunich_750ml_apple/apple_front.jpg,sunich_750ml_apple::apple,2026-08-16T15:45:59
sunich_750ml_apple/apple_frontdown.jpg,sunich_750ml_apple::apple,2026-08-16T15:45:59
sunich_750ml_apple/apple_frontleft.jpg,sunich_750ml_apple::apple,2026-08-16T15:45:59
sunich_750ml_apple/apple_frontright.jpg,sunich_750ml_apple::apple,2026-08-16T15:45:59
sunich_750ml_apple/apple_frontup.jpg,sunich_750ml_apple::apple,2026-08-16T15:45:59
sunich_750ml_cherry/01KWE3AQ5G8AN5SCMB2XWKYGQ4.jpg,sunich_750ml_cherry::01KWE3AQ5G8AN5SCMB2XWKYGQ4,2026-08-16T15:45:59
sunich_750ml_cherry/202524.jpg,sunich_750ml_cherry::202524,2026-08-16T15:45:59
sunich_750ml_cherry/202527.jpg,sunich_750ml_cherry::202527,2026-08-16T15:45:59
sunich_750ml_cherry/280x280.jpg,sunich_750ml_cherry::280x280,2026-08-16T15:45:59
sunich_750ml_cherry/560x560.jpg,sunich_750ml_cherry::560x560,2026-08-16T15:45:59
sunich_750ml_cherry/Sour-Cherry-Nectar1749820530.jpg,sunich_750ml_cherry::Sour-Cherry-Nectar1749820530,2026-08-16T15:45:59
sunich_750ml_cherry/aa26b081-0.jpg,aa26b081,2026-08-16T15:45:59
sunich_750ml_cherry/aa26b081-2.jpg,aa26b081,2026-08-16T15:45:59
sunich_750ml_cherry/aa26b081-3.jpg,aa26b081,2026-08-16T15:45:59
sunich_750ml_cherry/aa26b081-4.jpg,aa26b081,2026-08-16T15:45:59
sunich_750ml_cherry/cherry_back.jpg,sunich_750ml_cherry::cherry,2026-08-16T15:45:59
sunich_750ml_cherry/cherry_backbright.jpg,sunich_750ml_cherry::cherry,2026-08-16T15:45:59
sunich_750ml_cherry/cherry_backdark.jpg,sunich_750ml_cherry::cherry,2026-08-16T15:45:59
sunich_750ml_cherry/cherry_backleft.jpg,sunich_750ml_cherry::cherry,2026-08-16T15:45:59
sunich_750ml_cherry/cherry_backright.jpg,sunich_750ml_cherry::cherry,2026-08-16T15:45:59
sunich_750ml_cherry/cherry_backright1.jpg,sunich_750ml_cherry::cherry,2026-08-16T15:45:59
sunich_750ml_cherry/cherry_front.jpg,sunich_750ml_cherry::cherry,2026-08-16T15:45:59
sunich_750ml_cherry/cherry_frontdown.jpg,sunich_750ml_cherry::cherry,2026-08-16T15:45:59
sunich_750ml_cherry/cherry_frontleft.jpg,sunich_750ml_cherry::cherry,2026-08-16T15:45:59
sunich_750ml_cherry/cherry_frontright.jpg,sunich_750ml_cherry::cherry,2026-08-16T15:45:59
sunich_750ml_cherry/cherry_frontup.jpg,sunich_750ml_cherry::cherry,2026-08-16T15:45:59
sunich_750ml_mango/0x244.jpg,sunich_750ml_mango::0x244,2026-08-16T15:45:59
sunich_750ml_mango/280x280.jpg,sunich_750ml_mango::280x280,2026-08-16T15:45:59
sunich_750ml_mango/4158066.jpg,sunich_750ml_mango::4158066,2026-08-16T15:45:59
sunich_750ml_mango/4158092.jpg,sunich_750ml_mango::4158092,2026-08-16T15:45:59
sunich_750ml_mango/4158094.jpg,sunich_750ml_mango::4158094,2026-08-16T15:45:59
sunich_750ml_mango/IMG_20260511_094937-12.jpg,IMG_20260511_094937,2026-08-16T15:45:59
sunich_750ml_mango/mango_back.jpg,sunich_750ml_mango::mango,2026-08-16T15:45:59
sunich_750ml_mango/mango_backdown.jpg,sunich_750ml_mango::mango,2026-08-16T15:45:59
sunich_750ml_mango/mango_backleft.jpg,sunich_750ml_mango::mango,2026-08-16T15:45:59
sunich_750ml_mango/mango_backright.jpg,sunich_750ml_mango::mango,2026-08-16T15:45:59
sunich_750ml_mango/mango_backup.jpg,sunich_750ml_mango::mango,2026-08-16T15:45:59
sunich_750ml_mango/mango_front.jpg,sunich_750ml_mango::mango,2026-08-16T15:45:59
sunich_750ml_mango/mango_frontbright.jpg,sunich_750ml_mango::mango,2026-08-16T15:45:59
sunich_750ml_mango/mango_frontdark.jpg,sunich_750ml_mango::mango,2026-08-16T15:45:59
sunich_750ml_mango/mango_frontleft.jpg,sunich_750ml_mango::mango,2026-08-16T15:45:59
sunich_750ml_mango/mango_frontright.jpg,sunich_750ml_mango::mango,2026-08-16T15:45:59
sunich_750ml_mango/mango_frontup.jpg,sunich_750ml_mango::mango,2026-08-16T15:45:59
sunich_750ml_mango/نکتار-انبه1749899604.jpg,sunich_750ml_mango::نکتار-انبه1749899604,2026-08-16T15:45:59
sunich_750ml_mix/01KWE3AQ5G8AN5SCMB2XWKYGQ4.jpg,sunich_750ml_mix::01KWE3AQ5G8AN5SCMB2XWKYGQ4,2026-08-16T15:45:59
sunich_750ml_mix/0x244 (1).jpg,sunich_750ml_mix::0x244 (1),2026-08-16T15:45:59
sunich_750ml_mix/0x244 (2).jpg,sunich_750ml_mix::0x244 (2),2026-08-16T15:45:59
sunich_750ml_mix/0x244.jpg,sunich_750ml_mix::0x244,2026-08-16T15:45:59
sunich_750ml_mix/1748445953-نوشیدنی-میکس-میوه-های-گرمسیری-سن-ایچ-750-میلی-لیتر.jpg,sunich_750ml_mix::1748445953-نوشیدنی-میکس-میوه-های-گرمسیری-سن-ایچ-750-میلی-لیتر,2026-08-16T15:45:59
sunich_750ml_mix/3383f8b5-15.jpg,3383f8b5,2026-08-16T15:45:59
sunich_750ml_mix/3383f8b5-9.jpg,3383f8b5,2026-08-16T15:45:59
sunich_750ml_mix/8f1e31192e01a1e6c4a4a493a1ea5ccd0f6b3357_1758357910.jpg,sunich_750ml_mix::8f1e31192e01a1e6c4a4a493a1ea5ccd0f6b3357_1758357910,2026-08-16T15:45:59
sunich_750ml_mix/mix1_backleft.jpg,sunich_750ml_mix::mix1,2026-08-16T15:45:59
sunich_750ml_mix/mix1_backright.jpg,sunich_750ml_mix::mix1,2026-08-16T15:45:59
sunich_750ml_mix/mix1_backup.jpg,sunich_750ml_mix::mix1,2026-08-16T15:45:59
sunich_750ml_mix/mix2_back.jpg,sunich_750ml_mix::mix2,2026-08-16T15:45:59
sunich_750ml_mix/mix2_back1.jpg,sunich_750ml_mix::mix2,2026-08-16T15:45:59
sunich_750ml_mix/mix2_backleft.jpg,sunich_750ml_mix::mix2,2026-08-16T15:45:59
sunich_750ml_mix/mix2_backright.jpg,sunich_750ml_mix::mix2,2026-08-16T15:45:59
sunich_750ml_mix/mix2_backright1.jpg,sunich_750ml_mix::mix2,2026-08-16T15:45:59
sunich_750ml_mix/mix2_backup.jpg,sunich_750ml_mix::mix2,2026-08-16T15:45:59
sunich_750ml_mix/mix2_front.jpg,sunich_750ml_mix::mix2,2026-08-16T15:45:59
sunich_750ml_mix/mix2_frontdown.jpg,sunich_750ml_mix::mix2,2026-08-16T15:45:59
sunich_750ml_mix/mix2_frontleft.jpg,sunich_750ml_mix::mix2,2026-08-16T15:45:59
sunich_750ml_mix/mix2_frontright.jpg,sunich_750ml_mix::mix2,2026-08-16T15:45:59
sunich_750ml_mix/mix2_frontup.jpg,sunich_750ml_mix::mix2,2026-08-16T15:45:59
sunich_750ml_mix/mix_back.jpg,sunich_750ml_mix::mix,2026-08-16T15:45:59
sunich_750ml_mix/mix_front.jpg,sunich_750ml_mix::mix,2026-08-16T15:45:59
sunich_750ml_mix/mix_frontbright.jpg,sunich_750ml_mix::mix,2026-08-16T15:45:59
sunich_750ml_mix/mix_frontdark.jpg,sunich_750ml_mix::mix,2026-08-16T15:45:59
sunich_750ml_mix/mix_frontdown.jpg,sunich_750ml_mix::mix,2026-08-16T15:45:59
sunich_750ml_mix/mix_frontleft.jpg,sunich_750ml_mix::mix,2026-08-16T15:45:59
sunich_750ml_mix/mix_frontright.jpg,sunich_750ml_mix::mix,2026-08-16T15:45:59
sunich_750ml_mix/mix_frontup.jpg,sunich_750ml_mix::mix,2026-08-16T15:45:59
sunich_750ml_mix/y1yqlmcc_thumb3.jpg,sunich_750ml_mix::y1yqlmcc_thumb3,2026-08-16T15:45:59
sunich_750ml_mix/سن-ایچ-آب-میوه-میکس-انار-و-آلبالو-750-گرمی.jpg,sunich_750ml_mix::سن-ایچ-آب-میوه-میکس-انار-و-آلبالو-750-گرمی,2026-08-16T15:45:59
sunich_750ml_mix/نوشیدنی-انار-و-بلوبری1749998247.jpg,sunich_750ml_mix::نوشیدنی-انار-و-بلوبری1749998247,2026-08-16T15:45:59
sunich_750ml_mix/نوشیدنی-کرنبری-و-گریپ-فروت1749997985.jpg,sunich_750ml_mix::نوشیدنی-کرنبری-و-گریپ-فروت1749997985,2026-08-16T15:45:59
sunich_750ml_mix/نکتار-آناناس-و-استارفروت1749993754.jpg,sunich_750ml_mix::نکتار-آناناس-و-استارفروت1749993754,2026-08-16T15:45:59
sunich_750ml_orange/0x244.jpg,sunich_750ml_orange::0x244,2026-08-16T15:45:59
sunich_750ml_orange/7-rJFdHaCMNXSiri.jpg,sunich_750ml_orange::7-rJFdHaCMNXSiri,2026-08-16T15:45:59
sunich_750ml_orange/IMG_20260511_094937-11.jpg,IMG_20260511_094937,2026-08-16T15:45:59
sunich_750ml_orange/orange_back.jpg,sunich_750ml_orange::orange,2026-08-16T15:45:59
sunich_750ml_orange/orange_back1.jpg,sunich_750ml_orange::orange,2026-08-16T15:45:59
sunich_750ml_orange/orange_backdown.jpg,sunich_750ml_orange::orange,2026-08-16T15:45:59
sunich_750ml_orange/orange_backleft.jpg,sunich_750ml_orange::orange,2026-08-16T15:45:59
sunich_750ml_orange/orange_backright.jpg,sunich_750ml_orange::orange,2026-08-16T15:45:59
sunich_750ml_orange/orange_backup.jpg,sunich_750ml_orange::orange,2026-08-16T15:45:59
sunich_750ml_orange/orange_front.jpg,sunich_750ml_orange::orange,2026-08-16T15:45:59
sunich_750ml_orange/orange_frontdown.jpg,sunich_750ml_orange::orange,2026-08-16T15:45:59
sunich_750ml_orange/orange_frontleft.jpg,sunich_750ml_orange::orange,2026-08-16T15:45:59
sunich_750ml_orange/orange_frontright.jpg,sunich_750ml_orange::orange,2026-08-16T15:45:59
sunich_750ml_orange/orange_frontup.jpg,sunich_750ml_orange::orange,2026-08-16T15:45:59
sunich_750ml_orange/نکتار-پرتقال-پالپدار-1759265080.jpg,نکتار-پرتقال-پالپدار,2026-08-16T15:45:59
sunich_750ml_peach/435-1672318065.jpg,435,2026-08-16T15:45:59
sunich_750ml_peach/46-6.jpg,46,2026-08-16T15:45:59
sunich_750ml_peach/5e35df196cc5437afebc50494a899343159b462e_1761682513.jpg,sunich_750ml_peach::5e35df196cc5437afebc50494a899343159b462e_1761682513,2026-08-16T15:45:59
sunich_750ml_peach/9652dadb-6a94-4b22-830f-678af837f6c2.jpg,sunich_750ml_peach::9652dadb-6a94-4b22-830f-678af837f6c2,2026-08-16T15:45:59
sunich_750ml_peach/aQtYH-Y1pETmNtGW.jpg,sunich_750ml_peach::aQtYH-Y1pETmNtGW,2026-08-16T15:45:59
sunich_750ml_peach/peach_back.jpg,sunich_750ml_peach::peach,2026-08-16T15:45:59
sunich_750ml_peach/peach_backbright.jpg,sunich_750ml_peach::peach,2026-08-16T15:45:59
sunich_750ml_peach/peach_backdark.jpg,sunich_750ml_peach::peach,2026-08-16T15:45:59
sunich_750ml_peach/peach_backleft.jpg,sunich_750ml_peach::peach,2026-08-16T15:45:59
sunich_750ml_peach/peach_backright.jpg,sunich_750ml_peach::peach,2026-08-16T15:45:59
sunich_750ml_peach/peach_backup.jpg,sunich_750ml_peach::peach,2026-08-16T15:45:59
sunich_750ml_peach/peach_front.jpg,sunich_750ml_peach::peach,2026-08-16T15:45:59
sunich_750ml_peach/peach_frontbright.jpg,sunich_750ml_peach::peach,2026-08-16T15:45:59
sunich_750ml_peach/peach_frontleft.jpg,sunich_750ml_peach::peach,2026-08-16T15:45:59
sunich_750ml_peach/peach_frontleft1.jpg,sunich_750ml_peach::peach,2026-08-16T15:45:59
sunich_750ml_peach/peach_frontright.jpg,sunich_750ml_peach::peach,2026-08-16T15:45:59
sunich_750ml_peach/peach_frontup.jpg,sunich_750ml_peach::peach,2026-08-16T15:45:59
sunich_750ml_peach/نکتار-هلو1749899787.jpg,sunich_750ml_peach::نکتار-هلو1749899787,2026-08-16T15:45:59
sunich_750ml_pinacolada/117662_2000.jpg,sunich_750ml_pinacolada::117662_2000,2026-08-16T15:45:59
sunich_750ml_pinacolada/46-5.jpg,46,2026-08-16T15:45:59
sunich_750ml_pinacolada/Pinacolada-Drink1749820655.jpg,sunich_750ml_pinacolada::Pinacolada-Drink1749820655,2026-08-16T15:45:59
sunich_750ml_pinacolada/jpOGur_tFr0Isvhk.jpg,sunich_750ml_pinacolada::jpOGur_tFr0Isvhk,2026-08-16T15:45:59
sunich_750ml_pineapple/AvpftQ1N2GQsyv5t.jpg,sunich_750ml_pineapple::AvpftQ1N2GQsyv5t,2026-08-16T15:45:59
sunich_750ml_pineapple/نکتار-آناناس1749899681.jpg,sunich_750ml_pineapple::نکتار-آناناس1749899681,2026-08-16T15:45:59
sunich_750ml_pomegranate/pomegranate_back.jpg,sunich_750ml_pomegranate::pomegranate,2026-08-16T15:45:59
sunich_750ml_pomegranate/pomegranate_backleft.jpg,sunich_750ml_pomegranate::pomegranate,2026-08-16T15:45:59
sunich_750ml_pomegranate/pomegranate_backright.jpg,sunich_750ml_pomegranate::pomegranate,2026-08-16T15:45:59
sunich_750ml_pomegranate/pomegranate_backup.jpg,sunich_750ml_pomegranate::pomegranate,2026-08-16T15:45:59
sunich_750ml_pomegranate/pomegranate_front.jpg,sunich_750ml_pomegranate::pomegranate,2026-08-16T15:45:59
sunich_750ml_pomegranate/pomegranate_front1.jpg,sunich_750ml_pomegranate::pomegranate,2026-08-16T15:45:59
sunich_750ml_pomegranate/pomegranate_frontdown.jpg,sunich_750ml_pomegranate::pomegranate,2026-08-16T15:45:59
sunich_750ml_pomegranate/pomegranate_frontleft.jpg,sunich_750ml_pomegranate::pomegranate,2026-08-16T15:45:59
sunich_750ml_pomegranate/pomegranate_frontright.jpg,sunich_750ml_pomegranate::pomegranate,2026-08-16T15:45:59
sunich_750ml_pomegranate/pomegranate_frontup.jpg,sunich_750ml_pomegranate::pomegranate,2026-08-16T15:45:59
unknown_beverage/2025-22.jpg,2025,2026-08-16T15:45:59
unknown_beverage/2025-32.jpg,2025,2026-08-16T15:45:59
unknown_beverage/3383f8b5-5.jpg,3383f8b5,2026-08-16T15:45:59
unknown_beverage/9ce66116-10.jpg,9ce66116,2026-08-16T15:45:59
unknown_beverage/9ce66116-3.jpg,9ce66116,2026-08-16T15:45:59
unknown_beverage/IMG_20260107_080606-15.jpg,IMG_20260107_080606,2026-08-16T15:45:59
unknown_beverage/IMG_20260107_080606-6.jpg,IMG_20260107_080606,2026-08-16T15:45:59
unknown_beverage/IMG_20260107_080606-8.jpg,IMG_20260107_080606,2026-08-16T15:45:59
unknown_beverage/IMG_20260511_094937-6.jpg,IMG_20260511_094937,2026-08-16T15:45:59
unknown_beverage/PXL_20260807_125245212 (Edited) (Edited 2).jpg,PXL_20260807_125245212,2026-08-16T15:45:59
unknown_beverage/PXL_20260807_125245212 (Edited) (Edited 3).jpg,PXL_20260807_125245212,2026-08-16T15:45:59
unknown_beverage/PXL_20260807_125245212 (Edited) (Edited 4).jpg,PXL_20260807_125245212,2026-08-16T15:45:59
unknown_beverage/PXL_20260807_125245212 (Edited) (Edited 5).jpg,PXL_20260807_125245212,2026-08-16T15:45:59
unknown_beverage/PXL_20260807_125245212 (Edited) (Edited 6).jpg,PXL_20260807_125245212,2026-08-16T15:45:59
unknown_beverage/PXL_20260807_125245212 (Edited) (Edited 7).jpg,PXL_20260807_125245212,2026-08-16T15:45:59
unknown_beverage/PXL_20260807_125245212 (Edited) (Edited 8).jpg,PXL_20260807_125245212,2026-08-16T15:45:59
unknown_beverage/PXL_20260807_125245212 (Edited) (Edited).jpg,PXL_20260807_125245212,2026-08-16T15:45:59
unknown_beverage/PXL_20260807_125326482 (Edited).jpg,PXL_20260807_125326482,2026-08-16T15:45:59
unknown_beverage/PXL_20260807_125326482.jpg,PXL_20260807_125326482,2026-08-16T15:45:59
unknown_beverage/PXL_20260807_132250077 (Edited 2).jpg,PXL_20260807_132250077,2026-08-16T15:45:59
unknown_beverage/PXL_20260807_132250077 (Edited 3).jpg,PXL_20260807_132250077,2026-08-16T15:45:59
unknown_beverage/PXL_20260807_132250077 (Edited 4).jpg,PXL_20260807_132250077,2026-08-16T15:45:59
unknown_beverage/PXL_20260807_132250077 (Edited 5).jpg,PXL_20260807_132250077,2026-08-16T15:45:59
unknown_beverage/PXL_20260807_132250077 (Edited 6).jpg,PXL_20260807_132250077,2026-08-16T15:45:59
unknown_beverage/PXL_20260807_132250077 (Edited).jpg,PXL_20260807_132250077,2026-08-16T15:45:59
unknown_beverage/PXL_20260807_132304284 (20) (Edited 2).jpg,unknown_beverage::PXL_20260807_132304284 (20),2026-08-16T15:45:59
unknown_beverage/PXL_20260807_132304284 (20) (Edited 3).jpg,unknown_beverage::PXL_20260807_132304284 (20),2026-08-16T15:45:59
unknown_beverage/PXL_20260807_132304284 (20) (Edited 4).jpg,unknown_beverage::PXL_20260807_132304284 (20),2026-08-16T15:45:59
unknown_beverage/PXL_20260807_132304284 (20) (Edited 5).jpg,unknown_beverage::PXL_20260807_132304284 (20),2026-08-16T15:45:59
unknown_beverage/PXL_20260807_132304284 (20) (Edited).jpg,unknown_beverage::PXL_20260807_132304284 (20),2026-08-16T15:45:59
unknown_beverage/PXL_20260807_132304284.jpg,PXL_20260807_132304284,2026-08-16T15:45:59
unknown_beverage/PXL_20260807_1323fffff15005.MP (Edited 2).jpg,PXL_20260807_1323fffff15005.MP,2026-08-16T15:45:59
unknown_beverage/PXL_20260807_1323fffff15005.MP (Edited 3).jpg,PXL_20260807_1323fffff15005.MP,2026-08-16T15:45:59
unknown_beverage/PXL_20260807_1323fffff15005.MP (Edited 4).jpg,PXL_20260807_1323fffff15005.MP,2026-08-16T15:45:59
unknown_beverage/PXL_20260807_1323fffff15005.MP (Edited 5).jpg,PXL_20260807_1323fffff15005.MP,2026-08-16T15:45:59
unknown_beverage/PXL_20260807_1323fffff15005.MP (Edited).jpg,PXL_20260807_1323fffff15005.MP,2026-08-16T15:45:59
unknown_beverage/PXL_20260807_132859906.MP (Edited 2).jpg,PXL_20260807_132859906.MP,2026-08-16T15:45:59
unknown_beverage/PXL_20260807_132859906.MP (Edited).jpg,PXL_20260807_132859906.MP,2026-08-16T15:45:59
unknown_beverage/PXL_20260807_132859906.MP.jpg,PXL_20260807_132859906.MP,2026-08-16T15:45:59
unknown_beverage/aa26b081-10.jpg,aa26b081,2026-08-16T15:45:59
unknown_beverage/aa26b081-14.jpg,aa26b081,2026-08-16T15:45:59
unknown_beverage/aa26b081-9.jpg,aa26b081,2026-08-16T15:45:59
unknown_beverage/photo_2026-08-08_14-05-38-10.jpg,photo_2026-08-08_14-05-38,2026-08-16T15:45:59
unknown_beverage/photo_2026-08-08_14-05-38-8.jpg,photo_2026-08-08_14-05-38,2026-08-16T15:45:59
unknown_beverage/sunstar_240ml_orange.jpg,unknown_beverage::sunstar_240ml_orange,2026-08-16T15:45:59
unknown_beverage/sunstar_240ml_orange1.jpg,unknown_beverage::sunstar_240ml_orange1,2026-08-16T15:45:59
unknown_beverage/sunstar_240ml_peach.jpg,unknown_beverage::sunstar_240ml_peach,2026-08-16T15:45:59
unknown_beverage/sunstar_240ml_peach1.jpg,unknown_beverage::sunstar_240ml_peach1,2026-08-16T15:45:59
unknown_beverage/t3 (Edited 2).jpg,t3,2026-08-16T15:45:59
unknown_beverage/t3 (Edited 3).jpg,t3,2026-08-16T15:45:59
unknown_beverage/t3 (Edited).jpg,t3,2026-08-16T15:45:59
sunich_1L_pineapple/b18221d2-0.jpg,20260905-093420-IMG_20260511_112410,2026-09-05T09:34:47
sunich_1L_mango/b18221d2-1.jpg,20260905-093420-IMG_20260511_112410,2026-09-05T09:34:51
sunich_1L_pineapple/b18221d2-2.jpg,20260905-093420-IMG_20260511_112410,2026-09-05T09:34:59
sunich_1L_pineapple/b18221d2-3.jpg,20260905-093420-IMG_20260511_112410,2026-09-05T09:35:03
sunich_1L_pineapple/b18221d2-4.jpg,20260905-093420-IMG_20260511_112410,2026-09-05T09:35:19
sunich_1L_mango/b18221d2-5.jpg,20260905-093420-IMG_20260511_112410,2026-09-05T09:35:24
sunich_1L_mango/b18221d2-6.jpg,20260905-093420-IMG_20260511_112410,2026-09-05T09:35:27
sunich_1L_cherry/b18221d2-7.jpg,20260905-093420-IMG_20260511_112410,2026-09-05T09:35:33
sunich_1L_pineapple/b18221d2-8.jpg,20260905-093420-IMG_20260511_112410,2026-09-05T09:35:43
sunich_1L_cherry/b18221d2-9.jpg,20260905-093420-IMG_20260511_112410,2026-09-05T09:35:46
sunich_1L_cherry/b18221d2-10.jpg,20260905-093420-IMG_20260511_112410,2026-09-05T09:35:52
sunich_1L_pineapple/b18221d2-11.jpg,20260905-093420-IMG_20260511_112410,2026-09-05T09:35:59
non_beverage/b18221d2-12.jpg,20260905-093420-IMG_20260511_112410,2026-09-05T09:36:09
non_beverage/b18221d2-13.jpg,20260905-093420-IMG_20260511_112410,2026-09-05T09:36:12
unknown_beverage/b18221d2-14.jpg,20260905-093420-IMG_20260511_112410,2026-09-05T09:36:15
non_beverage/b18221d2-15.jpg,20260905-093420-IMG_20260511_112410,2026-09-05T09:36:17
unknown_beverage/b18221d2-16.jpg,20260905-093420-IMG_20260511_112410,2026-09-05T09:36:19
non_beverage/b18221d2-17.jpg,20260905-093420-IMG_20260511_112410,2026-09-05T09:36:22
