timestamp,action,label,source_crop,kb_file,note
2026-09-05T09:34:47,add,sunich_1L_pineapple,/home/maryam/share_of_shelf/data/_review/b18221d2/crops/b18221d2-0.jpg,/home/maryam/share_of_shelf/data/knowledge_base/crops/object/sunich_1L_pineapple/b18221d2-0.jpg,confirmed
2026-09-05T09:34:51,add,sunich_1L_mango,/home/maryam/share_of_shelf/data/_review/b18221d2/crops/b18221d2-1.jpg,/home/maryam/share_of_shelf/data/knowledge_base/crops/object/sunich_1L_mango/b18221d2-1.jpg,confirmed
2026-09-05T09:34:59,add,sunich_1L_pineapple,/home/maryam/share_of_shelf/data/_review/b18221d2/crops/b18221d2-2.jpg,/home/maryam/share_of_shelf/data/knowledge_base/crops/object/sunich_1L_pineapple/b18221d2-2.jpg,confirmed
2026-09-05T09:35:03,add,sunich_1L_pineapple,/home/maryam/share_of_shelf/data/_review/b18221d2/crops/b18221d2-3.jpg,/home/maryam/share_of_shelf/data/knowledge_base/crops/object/sunich_1L_pineapple/b18221d2-3.jpg,confirmed
2026-09-05T09:35:19,add,sunich_1L_pineapple,/home/maryam/share_of_shelf/data/_review/b18221d2/crops/b18221d2-4.jpg,/home/maryam/share_of_shelf/data/knowledge_base/crops/object/sunich_1L_pineapple/b18221d2-4.jpg,corrected from sunich_1L_mix
2026-09-05T09:35:24,add,sunich_1L_mango,/home/maryam/share_of_shelf/data/_review/b18221d2/crops/b18221d2-5.jpg,/home/maryam/share_of_shelf/data/knowledge_base/crops/object/sunich_1L_mango/b18221d2-5.jpg,confirmed
2026-09-05T09:35:27,add,sunich_1L_mango,/home/maryam/share_of_shelf/data/_review/b18221d2/crops/b18221d2-6.jpg,/home/maryam/share_of_shelf/data/knowledge_base/crops/object/sunich_1L_mango/b18221d2-6.jpg,confirmed
2026-09-05T09:35:33,add,sunich_1L_cherry,/home/maryam/share_of_shelf/data/_review/b18221d2/crops/b18221d2-7.jpg,/home/maryam/share_of_shelf/data/knowledge_base/crops/object/sunich_1L_cherry/b18221d2-7.jpg,corrected from sunich_1L_mix
2026-09-05T09:35:43,add,sunich_1L_pineapple,/home/maryam/share_of_shelf/data/_review/b18221d2/crops/b18221d2-8.jpg,/home/maryam/share_of_shelf/data/knowledge_base/crops/object/sunich_1L_pineapple/b18221d2-8.jpg,corrected from sunich_1L_mix
2026-09-05T09:35:46,add,sunich_1L_cherry,/home/maryam/share_of_shelf/data/_review/b18221d2/crops/b18221d2-9.jpg,/home/maryam/share_of_shelf/data/knowledge_base/crops/object/sunich_1L_cherry/b18221d2-9.jpg,corrected from sunich_1L_mix
2026-09-05T09:35:52,add,sunich_1L_cherry,/home/maryam/share_of_shelf/data/_review/b18221d2/crops/b18221d2-10.jpg,/home/maryam/share_of_shelf/data/knowledge_base/crops/object/sunich_1L_cherry/b18221d2-10.jpg,confirmed
2026-09-05T09:35:59,add,sunich_1L_pineapple,/home/maryam/share_of_shelf/data/_review/b18221d2/crops/b18221d2-11.jpg,/home/maryam/share_of_shelf/data/knowledge_base/crops/object/sunich_1L_pineapple/b18221d2-11.jpg,confirmed
2026-09-05T09:36:09,add,non_beverage,/home/maryam/share_of_shelf/data/_review/b18221d2/crops/b18221d2-12.jpg,/home/maryam/share_of_shelf/data/knowledge_base/crops/object/non_beverage/b18221d2-12.jpg,confirmed
2026-09-05T09:36:12,add,non_beverage,/home/maryam/share_of_shelf/data/_review/b18221d2/crops/b18221d2-13.jpg,/home/maryam/share_of_shelf/data/knowledge_base/crops/object/non_beverage/b18221d2-13.jpg,confirmed
2026-09-05T09:36:15,add,unknown_beverage,/home/maryam/share_of_shelf/data/_review/b18221d2/crops/b18221d2-14.jpg,/home/maryam/share_of_shelf/data/knowledge_base/crops/object/unknown_beverage/b18221d2-14.jpg,confirmed
2026-09-05T09:36:17,add,non_beverage,/home/maryam/share_of_shelf/data/_review/b18221d2/crops/b18221d2-15.jpg,/home/maryam/share_of_shelf/data/knowledge_base/crops/object/non_beverage/b18221d2-15.jpg,confirmed
2026-09-05T09:36:19,add,unknown_beverage,/home/maryam/share_of_shelf/data/_review/b18221d2/crops/b18221d2-16.jpg,/home/maryam/share_of_shelf/data/knowledge_base/crops/object/unknown_beverage/b18221d2-16.jpg,confirmed
2026-09-05T09:36:22,add,non_beverage,/home/maryam/share_of_shelf/data/_review/b18221d2/crops/b18221d2-17.jpg,/home/maryam/share_of_shelf/data/knowledge_base/crops/object/non_beverage/b18221d2-17.jpg,confirmed
